Workbook

Sheet Cover
B6: QA TEST CASE TEMPLATE
B7: Professional Test Case Documentation
B9: ⭐ FREE TEMPLATE ⭐
B13: What's Inside
B15: 📋 | C15: Test Cases Sheet | E15: 100 pre-formatted rows with dropdowns for Status, Priority & Type
B17: 📊 | C17: Dashboard Sheet | E17: Auto-calculated pass/fail metrics and progress tracker
B19: 📖 | C19: Instructions Sheet | E19: Step-by-step guide on writing effective test cases
B21: 📝 | C21: Sample Sheet | E21: 3 real-world example test cases to get you started instantly
B23: ✅ | C23: Data Validation | E23: Dropdown menus prevent typos — Status, Priority, Type all validated
B25: 🎨 | C25: Color Coding | E25: Conditional formatting highlights Pass (green), Fail (red), Blocked (amber)
B30: Created by Bishal Khatri — QA Engineer
B32: 🌐 mrbishalkhatri.github.io
B33: 💼 linkedin.com/in/qa-bishal-khatri
B34: ✉️ bishalkhatrichettri1@gmail.com
B35: 🐦 @ProjectCraftman
B38: Free to use · Share it · Credit appreciated · Not for resale

Sheet Test Cases
A1: QA TEST CASE TEMPLATE — by Bishal Khatri | mrbishalkhatri.github.io
A2: FREE TEMPLATE · Replace sample data · Dropdowns pre-configured · Colour coding auto-applied
A3: Project: | C3: Module: | E3: Tester: | G3: Date: | I3: Version:
A4: TC-ID | B4: Test Scenario | C4: Preconditions | D4: Test Steps | E4: Expected Result | F4: Actual Result | G4: Status | H4: Priority | I4: Type | J4: Notes
A5: TC-001 | B5: [Login] Valid credentials redirect to dashboard | C5: • User account exists and is active • App running on test environment | D5: 1. Navigate to /login 2. Enter valid email: test@example.com 3. Enter valid password: Test@123 4. Click 'Login' button | E5: • User redirected to /dashboard • Welcome message shown: 'Welcome, [Name]' • Session cookie set correctly | G5: Pass | H5: High | I5: Functional | J5: Core happy path — run this first every sprint
A6: TC-002 | B6: [Login] Empty password field shows validation error | C6: • App running on test environment | D6: 1. Navigate to /login 2. Enter valid email 3. Leave password field empty 4. Click 'Login' button | E6: • Error message shown: 'Password is required' • User remains on login page • No network request sent | G6: Not Run | H6: High | I6: Negative | J6: Check error message is specific, not generic
A7: TC-003 | B7: [Login] Wrong password shows error without revealing user existence | C7: • Valid account exists for test@example.com | D7: 1. Navigate to /login 2. Enter valid email: test@example.com 3. Enter wrong password: WrongPass! 4. Click 'Login' button | E7: • Generic error shown: 'Invalid email or password' • Error does NOT say 'Wrong password' or 'User found' • Account not locked after 1 attempt | G7: Not Run | H7: Critical | I7: Security | J7: Verify no user enumeration — security critical
A8: TC-004
A9: TC-005
A10: TC-006
A11: TC-007
A12: TC-008
A13: TC-009
A14: TC-010
A15: TC-011
A16: TC-012
A17: TC-013
A18: TC-014
A19: TC-015
... A104: TC-100
A105: =COUNTIF(G5:G104,"Pass")&" Pass | "&COUNTIF(G5:G104,"Fail")&" Fail | "&COUNTIF(G5:G104,"Blocked")&" Blocked | "&COUNTIF(G5:G104,"Not Run")&" Not Run" | F105: ="Pass Rate: "&TEXT(IFERROR(COUNTIF(G5:G104,"Pass")/(COUNTIF(G5:G104,"Pass")+COUNTIF(G5:G104,"Fail")),0),"0%") | H105: by Bishal Khatri | mrbishalkhatri.github.io

Sheet Dashboard
B2: TEST EXECUTION DASHBOARD
B3: Auto-calculated from Test Cases sheet · No manual entry needed
B5: Total Test Cases | C5: ✅ Pass | D5: ❌ Fail | E5: 🔒 Blocked | F5: ⏭ Skip
B6: =COUNTA('Test Cases'!A5:A200)-COUNTBLANK('Test Cases'!A5:A200) | C6: =COUNTIF('Test Cases'!G5:G200,"Pass") | D6: =COUNTIF('Test Cases'!G5:G200,"Fail") | E6: =COUNTIF('Test Cases'!G5:G200,"Blocked") | F6: =COUNTIF('Test Cases'!G5:G200,"Skip")
B9: ⬜ Not Run
B10: =COUNTIF('Test Cases'!G5:G200,"Not Run")
B13: Overall Pass Rate
B14: =TEXT(IFERROR(COUNTIF('Test Cases'!G5:G200,"Pass")/(COUNTIF('Test Cases'!G5:G200,"Pass")+COUNTIF('Test Cases'!G5:G200,"Fail")),0),"0.0%")&" ("&COUNTIF('Test Cases'!G5:G200,"Pass")&" passed of "&(COUNTIF('Test Cases'!G5:G200,"Pass")+COUNTIF('Test Cases'!G5:G200,"Fail"))&" executed)"
B17: Breakdown by Priority
B18: Priority | C18: Total | D18: Pass | E18: Fail | F18: Not Run
B19: Critical | C19: =COUNTIF('Test Cases'!H5:H200,"Critical") | D19: =COUNTIFS('Test Cases'!H5:H200,"Critical",'Test Cases'!G5:G200,"Pass") | E19: =COUNTIFS('Test Cases'!H5:H200,"Critical",'Test Cases'!G5:G200,"Fail") | F19: =COUNTIFS('Test Cases'!H5:H200,"Critical",'Test Cases'!G5:G200,"Not Run")
B20: High | C20: =COUNTIF('Test Cases'!H5:H200,"High") | D20: =COUNTIFS('Test Cases'!H5:H200,"High",'Test Cases'!G5:G200,"Pass") | E20: =COUNTIFS('Test Cases'!H5:H200,"High",'Test Cases'!G5:G200,"Fail") | F20: =COUNTIFS('Test Cases'!H5:H200,"High",'Test Cases'!G5:G200,"Not Run")
B21: Medium | C21: =COUNTIF('Test Cases'!H5:H200,"Medium") | D21: =COUNTIFS('Test Cases'!H5:H200,"Medium",'Test Cases'!G5:G200,"Pass") | E21: =COUNTIFS('Test Cases'!H5:H200,"Medium",'Test Cases'!G5:G200,"Fail") | F21: =COUNTIFS('Test Cases'!H5:H200,"Medium",'Test Cases'!G5:G200,"Not Run")
B22: Low | C22: =COUNTIF('Test Cases'!H5:H200,"Low") | D22: =COUNTIFS('Test Cases'!H5:H200,"Low",'Test Cases'!G5:G200,"Pass") | E22: =COUNTIFS('Test Cases'!H5:H200,"Low",'Test Cases'!G5:G200,"Fail") | F22: =COUNTIFS('Test Cases'!H5:H200,"Low",'Test Cases'!G5:G200,"Not Run")
B25: 💡 This dashboard auto-updates as you fill in the Test Cases sheet. No formulas to edit.

Sheet Instructions
B2: HOW TO WRITE GREAT TEST CASES
B4: TC-ID
B5: Use sequential IDs: TC-001, TC-002, TC-003... Group by module: LOGIN-001, PAYROLL-001
B7: Test Scenario
B8: Format: [Module] Action — Expected Outcome Example: '[Login] Valid credentials — Redirect to dashboard' Bad: 'Test login'. Good: '[Login] Valid email+password redirects to /dashboard'
B10: Preconditions
B11: State everything that must be TRUE before running the test. Example: 'User account exists, app deployed to QA environment, test data loaded' If nothing required: write 'None'
B13: Test Steps
B14: Number each step. One user action per step. Bad: 'Log in and go to dashboard' Good: 1. Navigate to /login 2. Enter email: test@example.com 3. Enter password: Test@123 4. Click Login button
B16: Expected Result
B17: Must be specific, measurable, and verifiable. Bad: 'Login should work' Good: 'User redirected to /dashboard. URL = /dashboard. Welcome message shown.'
B19: Actual Result
... B36: Get more free QA templates at mrbishalkhatri.github.io/templates.html
