Workbook

Sheet Bug Report Form
A2: 🐛 BUG REPORT FORM
A3: DevTrack · Professional Bug Tracking System
B6: Bug ID (auto) | D6: =CONCATENATE("BUG-",TEXT(TODAY(),"YYYYMMDD"),"-",TEXT(RANDBETWEEN(100,999),"000")) -> BUG-20260614-850 | F6: Date | G6: =TODAY() -> 46187
B8: ▸ SEVERITY & CLASSIFICATION
B9: Severity Level * | C9: — Select Severity — | E9: Priority | F9: — Select Priority —
B11: Bug Title *
B13: Component / Module * | C13: — Select Component — | E13: Reproducibility | F13: — Select —
B15: Brief Description *
B21: ▸ ENVIRONMENT DETAILS
B22: Operating System | C22: — Select OS — | E22: Browser | F22: — Select Browser —
B24: App Version | E24: Environment | F24: — Select —
B27: ▸ STEPS TO REPRODUCE
B28: Step 1
B29: Step 2
B30: Step 3
B31: Step 4
B32: Step 5
B33: Step 6
B34: Step 7
B35: Step 8
B37: ▸ EXPECTED vs ACTUAL RESULTS
B38: ✅ EXPECTED — What should happen | E38: ❌ ACTUAL — What actually happens
B46: ▸ ADDITIONAL INFORMATION
B47: Assigned To | C47: — Unassigned — | E47: Labels / Tags
B49: Error / Stack Trace
B57: ▸ SEVERITY LEGEND
B58: 🔴 Blocker | C58: System crash / data loss / security breach. No workaround.
B59: 🟠 Critical | C59: Core feature broken. Major performance issue. Difficult workaround.
B60: 🟡 Major | C60: Important feature impaired. Workaround possible but inconvenient.
B61: 🔵 Minor | C61: Small issue or cosmetic problem. Easy workaround.
B62: 🟢 Trivial | C62: Typo or minor polish. Low impact on functionality.
B65: * Required fields must be filled before logging to the Bug Log sheet

Sheet Bug Log
A1: 🗂️ BUG LOG — All Reported Issues
A3: Add a new row for each bug. Use dropdowns in Severity, Status columns. Dashboard auto-updates.
A5: Bug ID | B5: Date Reported | C5: Title | D5: Severity | E5: Priority | F5: Component | G5: OS / Browser | H5: Reproducibility | I5: Status | J5: Assigned To | K5: Steps # | L5: Labels / Tags
A6: BUG-20260614-001 | B6: 46187 | C6: Login fails with SSO on Safari 17 | D6: 🔴 Blocker | E6: P0 — Immediate | F6: Authentication | G6: macOS 14 / Safari | H6: Always (100%) | I6: Open | J6: Jordan Lee | K6: 3 | L6: auth, sso, safari
A7: BUG-20260614-002 | B7: 46187 | C7: Dashboard charts not rendering on mobile | D7: 🟠 Critical | E7: P1 — This Sprint | F7: Dashboard | G7: iOS 17 / Chrome | H7: Often (>50%) | I7: In Progress | J7: Alex Kim | K7: 5 | L7: mobile, charts, ui
A8: BUG-20260614-003 | B8: 46186 | C8: Payment receipt shows wrong currency symbol | D8: 🟡 Major | E8: P1 — This Sprint | F8: Payments | G8: Windows 11 / Edge | H8: Sometimes (20–50%) | I8: Open | J8: Morgan Chen | K8: 4 | L8: payments, currency
A9: BUG-20260614-004 | B9: 46186 | C9: Search results truncated after 50 items | D9: 🔵 Minor | E9: P2 — Next Sprint | F9: Search | G9: macOS 14 / Chrome | H9: Always (100%) | I9: Open | J9: Taylor Patel | K9: 2 | L9: search, pagination
A10: BUG-20260614-005 | B10: 46185 | C10: Tooltip text misaligned in admin table | D10: 🟢 Trivial | E10: P3 — Backlog | F10: Admin Panel | G10: Windows 10 / Edge | H10: Always (100%) | I10: Closed | J10: Sam Rivera | K10: 2 | L10: ui, tooltip, admin
A11: BUG-20260614-006 | B11: 46185 | C11: Notification bell shows stale count | D11: 🔵 Minor | E11: P2 — Next Sprint | F11: Notifications | G11: macOS 13 / Chrome | H11: Often (>50%) | I11: In Progress | J11: Alex Kim | K11: 3 | L11: notifications, count

Sheet Dashboard
A2: 📊 BUG DASHBOARD
A3: Live metrics — auto-calculated from Bug Log
B6: =COUNTA('Bug Log'!A6:A300) -> 6 | D6: =COUNTIF('Bug Log'!D6:D300,"🔴 Blocker") -> 1 | F6: =COUNTIF('Bug Log'!D6:D300,"🟠 Critical") -> 1
B7: TOTAL BUGS | D7: 🔴 BLOCKERS | F7: 🟠 CRITICAL
B10: =COUNTIF('Bug Log'!I6:I300,"Open") -> 3 | D10: =COUNTIF('Bug Log'!I6:I300,"In Progress") -> 2 | F10: =COUNTIF('Bug Log'!I6:I300,"Closed") -> 1
B11: OPEN | D11: IN PROGRESS | F11: ✅ CLOSED
B14: ▸ SEVERITY BREAKDOWN
B15: 🔴 Blocker | C15: =COUNTIF('Bug Log'!D6:D300,"🔴 Blocker") -> 1 | D15: =REPT("█",IFERROR(ROUND(COUNTIF('Bug Log'!D6:D300,"🔴 Blocker")/MAX(COUNTA('Bug Log'!A6:A300),1)*20,0),0)) -> ███
B16: 🟠 Critical | C16: =COUNTIF('Bug Log'!D6:D300,"🟠 Critical") -> 1 | D16: =REPT("█",IFERROR(ROUND(COUNTIF('Bug Log'!D6:D300,"🟠 Critical")/MAX(COUNTA('Bug Log'!A6:A300),1)*20,0),0)) -> ███
B17: 🟡 Major | C17: =COUNTIF('Bug Log'!D6:D300,"🟡 Major") -> 1 | D17: =REPT("█",IFERROR(ROUND(COUNTIF('Bug Log'!D6:D300,"🟡 Major")/MAX(COUNTA('Bug Log'!A6:A300),1)*20,0),0)) -> ███
B18: 🔵 Minor | C18: =COUNTIF('Bug Log'!D6:D300,"🔵 Minor") -> 2 | D18: =REPT("█",IFERROR(ROUND(COUNTIF('Bug Log'!D6:D300,"🔵 Minor")/MAX(COUNTA('Bug Log'!A6:A300),1)*20,0),0)) -> ███████
B19: 🟢 Trivial | C19: =COUNTIF('Bug Log'!D6:D300,"🟢 Trivial") -> 1 | D19: =REPT("█",IFERROR(ROUND(COUNTIF('Bug Log'!D6:D300,"🟢 Trivial")/MAX(COUNTA('Bug Log'!A6:A300),1)*20,0),0)) -> ███
B22: ▸ STATUS BREAKDOWN
B23: Open | C23: =COUNTIF('Bug Log'!I6:I300,"Open") -> 3 | D23: =REPT("█",IFERROR(ROUND(COUNTIF('Bug Log'!I6:I300,"Open")/MAX(COUNTA('Bug Log'!A6:A300),1)*20,0),0)) -> ██████████
B24: In Progress | C24: =COUNTIF('Bug Log'!I6:I300,"In Progress") -> 2 | D24: =REPT("█",IFERROR(ROUND(COUNTIF('Bug Log'!I6:I300,"In Progress")/MAX(COUNTA('Bug Log'!A6:A300),1)*20,0),0)) -> ███████
B25: Closed | C25: =COUNTIF('Bug Log'!I6:I300,"Closed") -> 1 | D25: =REPT("█",IFERROR(ROUND(COUNTIF('Bug Log'!I6:I300,"Closed")/MAX(COUNTA('Bug Log'!A6:A300),1)*20,0),0)) -> ███
B26: Won't Fix | C26: =COUNTIF('Bug Log'!I6:I300,"Won't Fix") -> 0 | D26: =REPT("█",IFERROR(ROUND(COUNTIF('Bug Log'!I6:I300,"Won't Fix")/MAX(COUNTA('Bug Log'!A6:A300),1)*20,0),0))
B27: Duplicate | C27: =COUNTIF('Bug Log'!I6:I300,"Duplicate") -> 0 | D27: =REPT("█",IFERROR(ROUND(COUNTIF('Bug Log'!I6:I300,"Duplicate")/MAX(COUNTA('Bug Log'!A6:A300),1)*20,0),0))
B28: Needs Info | C28: =COUNTIF('Bug Log'!I6:I300,"Needs Info") -> 0 | D28: =REPT("█",IFERROR(ROUND(COUNTIF('Bug Log'!I6:I300,"Needs Info")/MAX(COUNTA('Bug Log'!A6:A300),1)*20,0),0))
B31: ▸ HOW TO USE
B32: 1. Open the Bug Report Form tab and fill in all required fields (*) using the dropdowns provided.
B33: 2. Copy your completed report into a new row in the Bug Log tab.
B34: 3. Update the Status column in Bug Log as issues progress: Open → In Progress → Closed.
B35: 4. This Dashboard auto-refreshes all counts from Bug Log — no manual updates needed.
B36: 5. Add as many rows as needed in Bug Log; formulas cover up to row 300.
